date_only,transactions,transaction_value_inr,fraud_flags,rolling_7d_mean,rolling_7d_std,z_score,potential_volume_anomaly
2024-01-01,259,359097,0,,,,False
2024-01-02,249,346166,0,,,,False
2024-01-03,235,316181,0,247.66666666666666,12.055427546683413,-1.0507024008577284,False
2024-01-04,224,266390,0,241.75,15.392097539538481,-1.1531891579042202,False
2024-01-05,289,367161,1,251.2,24.983994876720576,1.5129686099648159,False
2024-01-06,236,312626,0,248.66666666666666,23.191952627294377,-0.5461664599883402,False
2024-01-07,243,318244,1,247.85714285714286,21.279321507264367,-0.22825647215700567,False
2024-01-08,233,270641,0,244.14285714285714,21.279321507264367,-0.5236472008307771,False
2024-01-09,251,295364,0,244.42857142857142,21.368646368430724,0.307526665850813,False
2024-01-10,247,295752,3,246.14285714285714,20.96368742555065,0.04088702716002964,False
2024-01-11,262,287250,0,251.57142857142858,19.112449196419448,0.5456428593424394,False
2024-01-12,293,337926,0,252.14285714285714,20.43223410389061,1.9996414806818914,False
2024-01-13,232,264038,0,251.57142857142858,21.006801619611544,-0.9316710333074729,False
2024-01-14,301,439323,0,259.85714285714283,27.498051879048766,1.4962098887523232,False
2024-01-15,255,348327,0,263.0,25.066578014027638,-0.3191500649000864,False
2024-01-16,242,291482,1,261.7142857142857,25.998168433656293,-0.7582951762388122,False
2024-01-17,237,305177,3,260.2857142857143,27.188933322918274,-0.8564408911947322,False
2024-01-18,248,346402,1,258.2857142857143,27.554275443896103,-0.3732892308003982,False
2024-01-19,257,307451,1,253.14285714285714,22.974105506189446,0.1678908828943834,False
2024-01-20,244,355906,0,254.85714285714286,21.536237457121526,-0.504133689961366,False
2024-01-21,262,360771,0,249.28571428571428,9.013217807092857,1.410626702516869,False
2024-01-22,259,374091,0,249.85714285714286,9.546876826630667,0.9576804340193716,False
2024-01-23,250,321644,0,251.0,8.906926143924947,-0.11227217828476768,False
2024-01-24,209,244493,0,247.0,17.94435844492638,-2.1176572077863387,True
2024-01-25,233,286877,2,244.85714285714286,18.68536478484854,-0.6345684440026292,False
2024-01-26,227,359662,0,240.57142857142858,18.875532159007214,-0.7189958119910508,False
2024-01-27,243,323846,0,240.42857142857142,18.849024226354942,0.13642237075769578,False
2024-01-28,218,268460,0,234.14285714285714,17.761649430055538,-0.9088602500813272,False
2024-01-29,242,305745,1,231.71428571428572,14.69369803367293,0.700008552111452,False
2024-01-30,254,284074,3,232.28571428571428,15.574704766750164,1.3942020757043634,False
2024-01-31,240,290666,0,236.71428571428572,11.799919289473827,0.27845226777485793,False
2024-02-01,219,330340,0,234.71428571428572,13.585706774821471,-1.1566778213857205,False
2024-02-02,253,359333,0,238.42857142857142,14.638501094228033,0.9954180744075023,False
2024-02-03,254,300100,1,240.0,15.758595538097115,0.8884040437584916,False
2024-02-04,250,303727,1,244.57142857142858,12.64722819246896,0.4292301321647668,False
2024-02-05,277,330612,1,249.57142857142858,17.46288581398795,1.570678049477988,False
2024-02-06,243,243575,1,248.0,17.49285568453592,-0.2858309752375144,False
2024-02-07,238,341271,0,247.71428571428572,17.660825629193063,-0.5500470882985313,False
2024-02-08,224,325762,0,248.42857142857142,16.359066220877285,-1.4932741941832783,False
2024-02-09,239,311413,0,246.42857142857142,16.56157342421652,-0.448542613572529,False
2024-02-10,239,291691,1,244.28571428571428,16.388149028228572,-0.3225327202364123,False
2024-02-11,238,312102,1,242.57142857142858,16.318263212907027,-0.2801418577323097,False
2024-02-12,229,310398,1,235.71428571428572,6.676183683170259,-1.005707157400644,False
2024-02-13,230,318884,0,233.85714285714286,6.0944940022004515,-0.6328897617669683,False
2024-02-14,243,354168,1,234.57142857142858,6.900655593423558,1.2214160400359624,False
2024-02-15,255,335407,0,239.0,8.698658900466627,1.8393639965744262,False
2024-02-16,219,288741,0,236.14285714285714,11.524301445620218,-1.4875398065339778,False
2024-02-17,227,276955,0,234.42857142857142,11.914377069422523,-0.6234964182589423,False
2024-02-18,243,344307,0,235.14285714285714,12.307566391297298,0.6383993884200098,False
2024-02-19,228,340571,0,235.0,12.396235987858049,-0.5646875395770465,False
2024-02-20,237,322867,0,236.0,12.206555615733718,0.08192319205190395,False
2024-02-21,252,299398,1,237.28571428571428,13.474844287465029,1.0919818738071567,False
2024-02-22,259,308342,0,237.85714285714286,14.40403382654286,1.4678427860879077,False
2024-02-23,249,308516,0,242.14285714285714,12.143977539348102,0.564653782908014,False
2024-02-24,260,356249,0,246.85714285714286,11.682302447556797,1.1250228456125786,False
2024-02-25,226,287072,0,244.42857142857142,14.12866050335447,-1.3043396027667342,False
2024-02-26,251,318310,1,247.71428571428572,12.216304483684755,0.2689613941845055,False
2024-02-27,226,307453,2,246.14285714285714,14.346063007303595,-1.40406863768843,False
2024-02-28,236,285620,1,243.85714285714286,14.530755559944495,-0.540725003922155,False
2024-02-29,209,299045,0,236.71428571428572,17.773709852047272,-1.5592853683888308,False
2024-03-01,290,380146,1,242.57142857142858,26.906363205613314,1.7627269455233057,False
2024-03-02,236,292098,1,239.14285714285714,25.82265524320697,-0.12170929415494225,False
2024-03-03,228,307048,0,239.42857142857142,25.66357433443456,-0.44532266938502507,False
2024-03-04,250,311539,0,239.28571428571428,25.59110708634471,0.4186722238368036,False
2024-03-05,220,304674,0,238.42857142857142,26.203416716509473,-0.7032888736590022,False
2024-03-06,251,289199,0,240.57142857142858,26.582307040944514,0.39231250367051934,False
2024-03-07,246,308445,1,245.85714285714286,22.645298050799088,0.006308468209898336,False
2024-03-08,238,345941,0,238.42857142857142,11.573779890441205,-0.03702951262494407,False
2024-03-09,239,306131,0,238.85714285714286,11.524301445620214,0.01239616505444947,False
2024-03-10,220,282235,0,237.71428571428572,13.073054803861341,-1.3550226768003388,False
2024-03-11,246,397299,0,237.14285714285714,12.522360951894173,0.7073061454759536,False
2024-03-12,247,301005,0,241.0,10.327955589886475,0.5809475019311109,False
2024-03-13,234,302243,0,238.57142857142858,9.554355775546277,-0.4784653909506744,False
2024-03-14,229,325159,2,236.14285714285714,9.511897312113412,-0.7509392614826385,False
2024-03-15,237,314389,0,236.0,9.486832980505131,0.10540925533894606,False
2024-03-16,261,373539,0,239.14285714285714,13.458932243787299,1.623987881150989,False
2024-03-17,243,271342,0,242.42857142857142,10.485818086939222,0.0544953733405251,False
2024-03-18,243,343998,1,242.0,10.376254944182287,0.09637388493048502,False
2024-03-19,262,333462,0,244.14285714285714,12.837816162008428,1.390979792185245,False
2024-03-20,235,272833,0,244.28571428571428,12.711075036023884,-0.7305215537944709,False
2024-03-21,240,320849,0,245.85714285714286,11.08194584942216,-0.5285301820391287,False
2024-03-22,252,295639,0,248.0,10.519822558706407,0.3802345503146841,False
2024-03-23,228,336069,1,243.28571428571428,11.101265479128768,-1.3769343967543695,False
2024-03-24,265,342143,2,246.42857142857142,13.79440880522669,1.346301159669263,False
2024-03-25,254,344717,0,248.0,13.964240043769,0.42966892442365795,False
2024-03-26,255,294661,1,247.0,13.012814197295478,0.6147786234942694,False
2024-03-27,269,367033,1,251.85714285714286,14.08815780988391,1.2168274499899572,False
2024-03-28,237,332998,0,251.42857142857142,14.547131937913054,-0.9918499048576962,False
2024-03-29,248,301523,0,250.85714285714286,14.599412904047183,-0.1957025858451347,False
2024-03-30,236,322029,0,252.0,12.701705922171866,-1.2596733145955372,False
2024-03-31,214,304750,2,244.71428571428572,17.660825629193063,-1.7391194703556496,False
2024-04-01,224,291028,0,240.42857142857142,18.64454471471608,-0.8811462913119245,False
2024-04-02,217,292713,0,235.0,19.21804707386606,-0.9366196227335483,False
2024-04-03,241,292593,1,231.0,12.806248474865606,0.7808688094430358,False
2024-04-04,252,284708,0,233.14285714285714,15.038046985657921,1.2539622249569566,False
2024-04-05,242,333706,0,232.28571428571428,14.197585307770705,0.6842209786877521,False
2024-04-06,260,303266,1,235.71428571428572,17.707948175083054,1.3714584008037043,False
2024-04-07,252,317602,0,241.14285714285714,15.646390120712296,0.6939072062871838,False
2024-04-08,244,286412,0,244.0,13.699148392023007,0.0,False
2024-04-09,260,374796,0,250.14285714285714,8.050436249640416,1.2244234413486776,False
2024-04-10,292,429641,0,257.42857142857144,16.761634196950563,2.0625332927094973,True
2024-04-11,270,303312,0,260.0,17.1658575861117,0.5825517280354612,False
2024-04-12,243,305372,0,260.14285714285717,16.99439683570811,-1.0087358385581016,False
2024-04-13,248,357673,0,258.42857142857144,17.605464519642272,-0.5923485527426086,False
2024-04-14,238,239806,0,256.42857142857144,19.182084895870485,-0.9607178535915428,False
2024-04-15,250,335210,0,257.2857142857143,18.66113863723479,-0.3904217436752228,False
2024-04-16,236,318466,0,253.85714285714286,20.21903864701596,-0.8831845652453075,False
2024-04-17,225,268399,0,244.28571428571428,14.079705083491465,-1.3697527165058938,False
2024-04-18,249,293022,0,241.28571428571428,9.01321780709282,0.8558858644484413,False
2024-04-19,243,344022,1,241.28571428571428,9.01321780709282,0.19019685876632098,False
2024-04-20,227,328252,0,238.28571428571428,9.860937847795963,-1.1444869098568315,False
2024-04-21,207,244252,0,233.85714285714286,15.410262505103201,-1.7428089137514016,False
2024-04-22,220,316270,0,229.57142857142858,14.304511442864667,-0.6691195717979571,False
2024-04-23,224,324656,0,227.85714285714286,14.123604018669912,-0.27309905120846817,False
2024-04-24,240,331426,0,230.0,14.742229591663943,0.6783234474692039,False
2024-04-25,250,307330,1,230.14285714285714,14.96026483086187,1.3273256243551992,False
2024-04-26,238,313296,0,229.42857142857142,14.351041110399608,0.5972687629761734,False
2024-04-27,265,354796,1,234.85714285714286,19.531415475489474,1.5433012103338983,False
2024-04-28,237,357410,0,239.14285714285714,15.21434160508401,-0.1408445530197037,False
2024-04-29,250,342863,0,243.42857142857142,12.985339719046555,0.5060652022672757,False
2024-04-30,269,370416,0,249.85714285714286,12.90256526727116,1.4836473791312799,False
2024-05-01,230,279011,0,248.42857142857142,14.615712354143024,-1.2608739815098773,False
2024-05-02,248,335998,0,248.14285714285714,14.599412904047151,-0.009785129292256464,False
2024-05-03,241,312433,1,248.57142857142858,14.292855358035206,-0.5297351985845188,False
2024-05-04,234,287740,1,244.14285714285714,13.107613200332244,-0.7738141939220516,False
2024-05-05,237,290323,0,244.14285714285714,13.107613200332244,-0.5449395731845433,False
2024-05-06,234,316482,1,241.85714285714286,13.309502512973832,-0.5903408372690022,False
2024-05-07,240,318094,0,237.71428571428572,5.908025211926584,0.3868829606718816,False
2024-05-08,246,349520,1,240.0,5.507570547286012,1.0894095588038621,False
2024-05-09,268,299546,0,242.85714285714286,11.866318882009017,2.118842194690823,True
2024-05-10,270,351203,1,247.0,15.588457268119935,1.4754506879290399,False
2024-05-11,243,324480,0,248.28571428571428,14.682350921137603,-0.3600046282850141,False
2024-05-12,251,356227,0,250.28571428571428,13.816828938101686,0.05169679073871918,False
2024-05-13,253,309347,0,253.0,11.803954139750644,0.0,False
2024-05-14,205,274718,0,248.0,21.587033144922945,-1.9919365348319378,False
2024-05-15,240,337467,0,247.14285714285714,21.797771838948556,-0.32768749006236425,False
2024-05-16,264,314677,1,246.57142857142858,21.20422240071654,0.8219387204683566,False
2024-05-17,227,303150,0,240.42857142857142,19.44099742689095,-0.6907346950211981,False
2024-05-18,219,274505,0,237.0,20.968229936422038,-0.8584415591863483,False
2024-05-19,265,319911,0,239.0,23.086792761230374,1.1261850127429467,False
2024-05-20,241,313375,0,237.28571428571428,22.306309165153866,0.16651278733677954,False
2024-05-21,254,315473,1,244.28571428571428,17.69853370305279,0.5488751710888977,False
2024-05-22,241,312513,0,244.42857142857142,17.662173732368878,-0.19411944874531428,False
2024-05-23,249,332130,0,242.28571428571428,15.691975504635957,0.42788020617939965,False
2024-05-24,246,341147,0,245.0,14.177446878757834,0.07053456158585979,False
2024-05-25,256,390516,1,250.28571428571428,8.7123338953901,0.6558846094396455,False
2024-05-26,240,333199,1,246.71428571428572,6.524678426668181,-1.0290600203134246,False
2024-05-27,266,311830,0,250.28571428571428,9.17813135872965,1.7121443461733965,False
2024-05-28,210,292212,1,244.0,17.50238079043344,-1.9425928624855389,False
2024-05-29,265,364402,1,247.42857142857142,19.095000592276726,0.920210946656667,False
2024-05-30,245,325179,0,246.85714285714286,19.099987534276682,-0.09723267378107173,False
2024-05-31,267,364599,0,249.85714285714286,20.53800194297209,0.8346896251377199,False
2024-06-01,229,264813,0,246.0,21.694853460363987,-0.7835959819253272,False
2024-06-02,251,334543,1,247.57142857142858,21.585930161852694,0.15883361999523612,False
2024-06-03,250,331470,1,245.28571428571428,20.10567321026818,0.23447539731612105,False
2024-06-04,238,317216,0,249.28571428571428,13.671311638052998,-0.8255034033677792,False
2024-06-05,234,288757,0,244.85714285714286,12.720437249148471,-0.8535196270764716,False
2024-06-06,236,306003,1,243.57142857142858,13.151136108807506,-0.5757242955122248,False
2024-06-07,239,335305,0,239.57142857142858,8.141603913585627,-0.07018624063436193,False
2024-06-08,221,257465,1,238.42857142857142,10.179344164485538,-1.7121507188427254,False
2024-06-09,220,272635,0,234.0,10.535653752852594,-1.3288211940535168,False
2024-06-10,258,349015,0,235.14285714285714,12.759683530931365,1.7913565647403211,False
2024-06-11,237,317940,1,235.0,12.727922061357747,0.15713484026367858,False
2024-06-12,240,294072,1,235.85714285714286,12.850792082313628,0.3223814622725783,False
2024-06-13,240,306168,1,236.42857142857142,12.946777499402904,0.2758546342202371,False
2024-06-14,238,295302,0,236.28571428571428,12.919162585274618,0.1326932533722953,False
2024-06-15,239,286573,1,238.85714285714286,11.021623767675468,0.012961533243052107,False
2024-06-16,263,314158,0,245.0,10.739335795724662,1.6760813091593443,False
2024-06-17,235,276029,0,241.71428571428572,9.551863443228987,-0.7029294078785503,False
2024-06-18,241,353820,0,242.28571428571428,9.34013357710126,-0.13765480708609984,False
2024-06-19,238,382898,0,242.0,9.451631252505171,-0.423207369515161,False
2024-06-20,256,386206,0,244.28571428571428,10.734900802433842,1.0912337179333629,False
2024-06-21,233,263118,2,243.57142857142858,11.370387604902202,-0.9297333511190808,False
2024-06-22,225,346052,1,241.57142857142858,13.364843718466995,-1.2399268499137674,False
2024-06-23,223,322902,0,235.85714285714286,11.021623767675457,-1.1665379918747243,False
2024-06-24,237,345576,1,236.14285714285714,11.02162376767546,0.07776919945831529,False
2024-06-25,251,309829,0,237.57142857142858,12.326896647266063,1.0893716247348995,False
2024-06-26,278,317210,0,243.28571428571428,19.65294113455018,1.7663659335577748,False
2024-06-27,234,282726,0,240.14285714285714,19.030051422496367,-0.3227977164368228,False
2024-06-28,241,266858,1,241.28571428571428,18.76800722607742,-0.01522347483526587,False
2024-06-29,248,317057,0,244.57142857142858,17.4055273103799,0.19698176145038512,False
2024-06-30,257,273266,1,249.42857142857142,14.953897405661442,0.5063180765545505,False
2024-07-01,234,279540,0,249.0,15.405626677721799,-0.9736702254178093,False
2024-07-02,240,302561,1,247.42857142857142,15.725320800725,-0.47239554109630183,False
2024-07-03,225,245112,1,239.85714285714286,10.415190371576957,-1.4264878823231102,False
2024-07-04,237,411517,1,240.28571428571428,10.19336852589765,-0.3223384180966743,False
2024-07-05,259,282925,0,242.85714285714286,12.428845098245844,1.2988219754332182,False
2024-07-06,253,366589,1,243.57142857142858,12.908100077821171,0.730438358219091,False
2024-07-07,231,283296,2,239.85714285714286,12.116498001053058,-0.7309985819642835,False
2024-07-08,255,330828,0,242.85714285714286,12.992671927264352,0.934592762045817,False
2024-07-09,263,346142,0,246.14285714285714,14.915635771772864,1.130165895378339,False
2024-07-10,246,297191,0,249.14285714285714,11.725024114098472,-0.26804696623848184,False
2024-07-11,270,342876,1,253.85714285714286,12.628388277060193,1.2782990820911861,False
2024-07-12,230,316996,0,249.71428571428572,15.162610655977494,-1.3001907231927663,False
2024-07-13,280,379496,2,253.57142857142858,19.068797749702217,1.385958977355252,False
2024-07-14,268,323342,1,258.85714285714283,16.757372222682328,0.5456020801687297,False
2024-07-15,237,342868,0,256.2857142857143,18.71464921493577,-1.030514334744931,False
2024-07-16,235,369911,0,252.28571428571428,19.98928284284927,-0.8647490968840768,False
2024-07-17,237,324594,0,251.0,20.736441353327706,-0.6751399510385775,False
2024-07-18,243,282122,0,247.14285714285714,19.056307542198606,-0.2174008334869243,False
2024-07-19,248,356712,1,249.71428571428572,17.50918126502286,-0.09790781695259834,False
2024-07-20,258,351362,0,246.57142857142858,12.394315133118313,0.9220817210007534,False
2024-07-21,273,360068,1,247.28571428571428,13.889015872435314,1.851411644313785,False
2024-07-22,221,269941,1,245.0,16.86218649325558,-1.423302963088408,False
2024-07-23,257,323239,0,248.14285714285714,16.737468659951407,0.5291805491672583,False
2024-07-24,226,298319,2,246.57142857142858,18.392545073635464,-1.1184655788021642,False
2024-07-25,243,307932,1,246.57142857142858,18.392545073635464,-0.1941780518753763,False
2024-07-26,240,332439,2,245.42857142857142,18.536964358250387,-0.2928511553271278,False
2024-07-27,223,268489,0,240.42857142857142,19.28606701617458,-0.9036871755114537,False
2024-07-28,243,338025,2,236.14285714285714,13.221555271960963,0.5186336036944798,False
2024-07-29,241,317514,1,239.0,11.445523142259411,0.17474081133221042,False
2024-07-30,235,305889,0,235.85714285714286,8.2548686932532,-0.10383482633023756,False
2024-07-31,208,241778,0,233.28571428571428,13.17465098480496,-1.9192701434654824,False
2024-08-01,250,352590,0,234.28571428571428,14.256159905040676,1.1022804050289507,False
2024-08-02,270,298992,0,238.57142857142858,19.721875695591855,1.5935893681550883,False
2024-08-03,240,301948,1,241.0,18.49324200890684,-0.054073807043587774,False
2024-08-04,229,325076,0,239.0,18.991226044325384,-0.5265589476245542,False
2024-08-05,253,329295,1,240.71428571428572,19.729117953879534,0.6227198962687743,False
2024-08-06,242,303023,0,241.71428571428572,19.567952419830714,0.014601133505656253,False
2024-08-07,239,387462,0,246.14285714285714,13.107613200332166,-0.5449395731845466,False
2024-08-08,224,290150,1,242.42857142857142,15.328156475988164,-1.202269265546715,False
2024-08-09,227,302940,0,236.28571428571428,10.193368525897442,-0.9109563989688823,False
2024-08-10,230,288714,0,234.85714285714286,10.28637564011338,-0.4721918610673374,False
2024-08-11,254,331512,0,238.42857142857142,12.094863136295086,1.287441486187701,False
2024-08-12,234,316630,2,235.71428571428572,10.2747957922006,-0.16684377470421397,False
2024-08-13,250,326866,1,236.85714285714286,11.466306749611464,1.1462153795338228,False
2024-08-14,222,276567,0,234.42857142857142,12.673557023150277,-0.9806695472998342,False
2024-08-15,252,354111,0,238.42857142857142,13.239551136111443,1.0250671213778488,False
2024-08-16,242,280518,0,240.57142857142858,12.259107401671239,0.1165314391793863,False
2024-08-17,265,327685,1,245.57142857142858,14.210995072561918,1.3671506695603188,False
2024-08-18,257,351685,0,246.0,14.548768561863403,0.7560777362858209,False
2024-08-19,246,279420,0,247.71428571428572,13.573433435873698,-0.12629713199572462,False
2024-08-20,261,300187,0,249.28571428571428,14.488090347066493,0.8085458769007192,False
2024-08-21,258,359828,2,254.42857142857142,8.22308017831815,0.43431761505200844,False
2024-08-22,254,338514,0,254.71428571428572,8.15913160645359,-0.08754433054134673,False
2024-08-23,243,333118,1,254.85714285714286,7.904188160474919,-1.5001088810657097,False
2024-08-24,232,331393,0,250.14285714285714,10.318730080595671,-1.758245152373421,False
2024-08-25,255,358503,0,249.85714285714286,10.12305242879784,0.5080342296980356,False
2024-08-26,272,353570,1,253.57142857142858,12.869306415617293,1.431978603462871,False
2024-08-27,286,363551,0,257.14285714285717,17.79914390664691,1.6212657759548998,False
2024-08-28,232,275308,0,253.42857142857142,20.14825999813338,-1.0635445160304984,False
2024-08-29,255,323720,0,253.57142857142858,20.15653031366547,0.07087387592709304,False
2024-08-30,224,306293,0,250.85714285714286,22.90872156645856,-1.172354501722406,False
2024-08-31,234,294740,0,251.14285714285714,22.64529805079906,-0.7570161851878225,False
2024-09-01,249,342811,0,250.28571428571428,22.58845048333539,-0.05691910061129745,False
2024-09-02,253,334857,0,247.57142857142858,20.598196869767815,0.263545953215885,False
2024-09-03,238,302513,0,240.71428571428572,11.771636613972758,-0.23057844913968084,False
2024-09-04,271,353071,0,246.28571428571428,15.574704766750038,1.5868220993214264,False
2024-09-05,230,323329,0,242.71428571428572,16.100872499280637,-0.7896643933335773,False
2024-09-06,252,341157,0,246.71428571428572,14.020393310154553,0.3770018549968917,False
2024-09-07,257,341162,0,250.0,13.216151734399318,0.5296549359205851,False
2024-09-08,244,306175,1,249.28571428571428,13.412858081138449,-0.39407814902233274,False
2024-09-09,214,220980,0,243.71428571428572,18.678992529169193,-1.590786316118697,False
2024-09-10,232,300442,0,242.85714285714286,19.11743158680545,-0.5679184888327934,False
2024-09-11,224,273824,1,236.14285714285714,15.496543393378106,-0.7835848830679205,False
2024-09-12,211,287164,1,233.42857142857142,18.18293286626335,-1.2334958058490901,False
2024-09-13,296,406250,1,239.71428571428572,29.657569498720285,1.8978532373714234,False
2024-09-14,224,325499,0,235.0,29.068883707497147,-0.37841150388458134,False
2024-09-15,235,298424,1,233.71428571428572,28.802281655650493,0.04463932063042108,False
2024-09-16,234,295482,0,236.57142857142858,27.482461940039286,-0.09356616510700089,False
2024-09-17,246,325881,0,238.57142857142858,27.603484942165824,0.2691171583637206,False
2024-09-18,273,361777,0,245.57142857142858,29.44405510374511,0.9315487059077899,False
2024-09-19,235,295283,0,249.0,25.935818218569192,-0.5397940362635817,False
2024-09-20,255,339137,1,243.14285714285714,16.44616035663604,0.7209672409863433,False
2024-09-21,261,321942,0,248.42857142857142,15.164180853326034,0.8290212767194234,False
2024-09-22,254,349824,0,251.14285714285714,14.016996485559618,0.203834170900043,False
2024-09-23,262,280713,1,255.14285714285714,12.185080651197698,0.56274907433369,False
2024-09-24,258,385904,1,256.85714285714283,11.509830167130765,0.09929400575526172,False
2024-09-25,252,406115,0,253.85714285714286,9.081640296564913,-0.20449420991110126,False
2024-09-26,250,319793,1,256.0,4.50924975282316,-1.3305982877181528,False
2024-09-27,239,318868,0,253.71428571428572,7.889112449325092,-1.8651382913859365,False
2024-09-28,225,254817,1,248.57142857142858,12.64722819246884,-1.8637624159786157,False
2024-09-29,247,335614,0,247.57142857142858,12.421180068162256,-0.04600437062282504,False
2024-09-30,254,353968,0,246.42857142857142,11.178210096092185,0.6773381879873144,False
2024-10-01,247,266830,0,244.85714285714286,9.990471651004228,0.21449008792710422,False
2024-10-02,230,351406,0,241.71428571428572,10.796824930108938,-1.0849750542512064,False
2024-10-03,217,289740,1,237.0,13.453624047073346,-1.486588292494373,False
2024-10-04,222,281677,3,234.57142857142858,14.524199838626897,-0.8655505095705894,False
2024-10-05,230,321756,1,235.28571428571428,14.091537480751263,-0.37509847970347093,False
2024-10-06,255,354726,1,236.42857142857142,15.458084646953218,1.2014055425093693,False
2024-10-07,214,283827,0,230.71428571428572,15.272134599920257,-1.0944302255149714,False
2024-10-08,257,381942,1,232.14285714285714,17.372665996026942,1.430819130628977,False
2024-10-09,257,363208,0,236.0,19.66384160500323,1.067950018202791,False
2024-10-10,231,331784,0,238.0,18.055470085267526,-0.38769414293520355,False
2024-10-11,264,451602,1,244.0,18.814887722226622,1.0629880069054767,False
2024-10-12,235,291535,0,244.71428571428572,18.282179717913557,-0.5313527087126982,False
2024-10-13,255,352688,0,244.71428571428572,18.282179717913557,0.5626087504016796,False
2024-10-14,258,316075,0,251.0,12.662279942148317,0.5528230328172923,False
2024-10-15,220,268434,0,245.71428571428572,16.790019711267675,-1.5315220682575512,False
2024-10-16,236,252949,1,242.71428571428572,16.30658645777084,-0.41175298899458235,False
2024-10-17,225,280536,2,241.85714285714286,17.160308577533897,-0.9823333176660974,False
2024-10-18,253,288333,0,240.28571428571428,15.184578643196545,0.8373156748727013,False
2024-10-19,253,301561,1,242.85714285714286,15.657038581508665,0.6478145333841161,False
2024-10-20,258,399400,3,243.28571428571428,16.080156360291483,0.915058621607769,False
2024-10-21,251,352476,0,242.28571428571428,15.206514894547292,0.5730626494444474,False
2024-10-22,233,292980,0,244.14285714285714,12.601965077301179,-0.8842158405063189,False
2024-10-23,256,341769,1,247.0,12.714820748506966,0.7078353818756605,False
2024-10-24,229,289531,1,247.57142857142858,11.602544876838213,-1.600634065074993,False
2024-10-25,276,346499,0,250.85714285714286,15.868507296199065,1.5844500477294126,False
2024-10-26,225,292771,0,246.85714285714286,18.542101386022036,-1.178784561798366,False
2024-10-27,255,311043,1,246.42857142857142,18.274364036879017,0.4690411416851939,False
2024-10-28,244,349901,0,245.42857142857142,18.173764450044736,-0.07860624762130115,False
2024-10-29,216,283042,1,243.0,21.023796041628493,-1.284259034217143,False
2024-10-30,265,337143,2,244.28571428571428,22.19395026964383,0.9333302752605539,False
2024-10-31,232,316578,0,244.71428571428572,21.876275473019255,-0.5811906021190252,False
2024-11-01,245,314230,0,240.28571428571428,17.104719482394938,0.2756131557221917,False
2024-11-02,267,359234,0,246.28571428571428,18.181623375579658,1.1392979211145562,False
2024-11-03,253,393747,3,246.0,18.036999011291464,0.38809116725115317,False
2024-11-04,217,288147,0,242.14285714285714,21.153633032559302,-1.1885834033405842,False
2024-11-05,227,330254,0,243.71428571428572,19.206893603723543,-0.8702232677045396,False
2024-11-06,248,305744,0,241.28571428571428,17.0167984230707,0.39456809367752516,False
2024-11-07,248,326764,3,243.57142857142858,16.631868434395514,0.2662702297123103,False
2024-11-08,259,326436,0,245.57142857142858,17.64329091427418,0.7611148902899474,False
2024-11-09,225,260925,0,239.57142857142858,16.226081297889085,-0.8980251179515684,False
2024-11-10,251,288527,0,239.28571428571428,15.965737123752021,0.7337140542580105,False
2024-11-11,253,338644,0,244.42857142857142,13.13845682030589,0.6523923386634857,False
2024-11-12,231,339647,0,245.0,12.315302134607247,-1.1367971201176283,False
2024-11-13,235,299191,0,243.14285714285714,12.75968353093124,-0.6381707761887453,False
2024-11-14,226,312831,1,240.0,14.01189970465553,-0.999150742946613,False
2024-11-15,257,359553,0,239.71428571428572,13.573433435873458,1.2734960809569058,False
2024-11-16,231,293010,1,240.57142857142858,12.647228192468646,-0.7568004961852682,False
2024-11-17,242,320238,1,239.28571428571428,11.842216652218761,0.22920419326876385,False
2024-11-18,255,323788,1,239.57142857142858,12.245504520123832,1.2599375879708872,False
2024-11-19,234,280541,1,240.0,11.944315244778963,-0.5023310149673661,False
2024-11-20,224,305786,1,238.42857142857142,13.352367366340165,-1.08060024359008,False
2024-11-21,251,323130,0,242.0,12.80624847486545,0.7027819284987409,False
2024-11-22,281,337556,0,245.42857142857142,19.138592275444655,1.8586230407900854,False
2024-11-23,215,273913,1,243.14285714285714,21.904554864445846,-1.2847947523707468,False
2024-11-24,242,332398,0,243.14285714285714,21.904554864445846,-0.052174406187644365,False
2024-11-25,263,366145,0,244.28571428571428,22.81603446200552,0.820225168639614,False
2024-11-26,266,350743,0,248.85714285714286,23.60387377408324,0.7262730392025644,False
2024-11-27,236,259850,1,250.57142857142858,21.869744266582376,-0.666282531419179,False
2024-11-28,234,324349,1,248.14285714285714,22.740775209804397,-0.6219162281134385,False
2024-11-29,216,294157,0,238.85714285714286,20.21903864701574,-1.1304762435140059,False
2024-11-30,248,336789,0,243.57142857142858,17.376777058832733,0.2548557430171059,False
2024-12-01,246,332455,1,244.14285714285714,17.382256963434067,0.10684129575633435,False
2024-12-02,244,374414,0,241.42857142857142,15.30639455540422,0.16799701341297849,False
2024-12-03,244,330881,0,238.28571428571428,11.101265479128383,0.5147418305624,False
2024-12-04,266,362926,1,242.57142857142858,15.131172490999337,1.5483645727062938,False
2024-12-05,255,329927,0,245.57142857142858,15.229982959687657,0.6190795783244121,False
2024-12-06,235,284257,0,248.28571428571428,9.810101693565251,-1.3542891501755572,False
2024-12-07,273,397892,0,251.85714285714286,13.533028380331414,1.5623152888370258,False
2024-12-08,246,317135,1,251.85714285714286,13.533028380331414,-0.43280355974539264,False
2024-12-09,231,315198,0,250.0,15.534906930307974,-1.223052064955199,False
2024-12-10,230,349886,1,248.0,17.24335620850331,-1.0438803085865362,False
2024-12-11,239,332031,2,244.14285714285714,15.475018270625235,-0.3323328640341148,False
2024-12-12,235,313402,1,241.28571428571428,14.974581638165656,-0.41975892466297043,False
2024-12-13,240,300254,0,242.0,14.742229591663756,-0.1356646894938425,False
2024-12-14,257,299936,0,239.71428571428572,9.411239481142779,1.8367096406748034,False
2024-12-15,257,330837,0,241.28571428571428,11.353623294118707,1.3840767222236343,False
2024-12-16,263,296768,0,245.85714285714286,12.86375491356184,1.332647991045288,False
2024-12-17,264,354548,0,250.71428571428572,12.28432993307983,1.081517214051527,False
2024-12-18,259,330917,1,253.57142857142858,11.399665826346935,0.47620443539887714,False
2024-12-19,239,292112,0,254.14285714285714,10.36707241588444,-1.4606685991365542,False
2024-12-20,236,291244,0,253.57142857142858,11.341033798514527,-1.549367446002156,False
2024-12-21,240,269043,0,251.14285714285714,12.266873704256927,-0.9083697616443442,False
2024-12-22,214,257155,0,245.0,18.184242262647686,-1.7047727121232434,False
2024-12-23,245,297072,2,242.42857142857142,16.39976771031757,0.15679664595559017,False
2024-12-24,233,361768,1,238.0,13.540064007726258,-0.3692744729380075,False
2024-12-25,224,249938,0,233.0,10.645812948446933,-0.8454027929650001,False
2024-12-26,267,371565,1,237.0,16.772994167211866,1.7885894254136514,False
2024-12-27,231,362421,0,236.28571428571428,16.92842073471173,-0.3122390663929991,False
2024-12-28,247,321701,1,237.28571428571428,17.384996267991703,0.5587741040917639,False
2024-12-29,238,318227,0,240.71428571428572,14.079705083491204,-0.1927800119526856,False
2024-12-30,258,355569,1,242.57142857142858,15.522640914237991,0.9939398530065661,False
