group,rate_pct,lo,hi,flags,n
Transaction: Recharge,0.22820629849383842,0.12400552196509455,0.4195982415634378,10,4382
Transaction: P2P,0.18163270383916796,0.14449583118194567,0.22829230290538952,73,40191
Transaction: P2M,0.18009326258240874,0.13872338909380053,0.23377151438196106,56,31095
Transaction: Bill Payment,0.19474196689386564,0.1329358598977926,0.2852016341478125,26,13351
Network: WiFi,0.2584850528208586,0.17230856066927272,0.38759356115684473,23,8898
Network: 5G,0.17919541259743751,0.13163095818734502,0.24390516493913994,40,22322
Network: 4G,0.17624779690253872,0.14405857321461793,0.21561402366076812,94,53334
Network: 3G,0.1791713325867861,0.09081648404401027,0.35318224708129986,8,4465
Device: iOS,0.1591180314826391,0.11011520265208068,0.2298776304179016,28,17597
Device: Web,0.22182786157941436,0.12053829114027088,0.4078845151922919,10,4508
Device: Android,0.1897958573691604,0.15955424053147285,0.22575645364967362,127,66914
