hour_of_day,transactions,transaction_value_inr,average_amount_inr,failed_transactions,fraud_flags,failure_rate_pct,fraud_flag_rate_pct
0,1236,1640884,1327.5760517799354,50,2,4.0453074433656955,0.16181229773462785
1,798,1025309,1284.8483709273182,38,3,4.761904761904762,0.37593984962406013
2,611,760268,1244.3011456628478,28,0,4.582651391162029,0.0
3,498,715297,1436.3393574297188,25,0,5.020080321285141,0.0
4,442,537955,1217.0927601809956,22,0,4.97737556561086,0.0
5,614,730901,1190.3925081433224,31,0,5.048859934853421,0.0
6,1238,1707665,1379.3739903069468,62,2,5.008077544426494,0.16155088852988692
7,2073,2757647,1330.2686927158707,98,3,4.72744814278823,0.1447178002894356
8,2901,3872059,1334.7325060324026,136,6,4.688038607376767,0.2068252326783868
9,3735,4880923,1306.8066934404285,174,4,4.658634538152611,0.107095046854083
10,4934,6338333,1284.6236319416296,266,10,5.391163356303203,0.20267531414673692
11,5826,7546140,1295.252317198764,263,10,4.5142464812907654,0.17164435290078955
12,6173,8240472,1334.9217560343432,320,17,5.183865219504293,0.2753928397861656
13,5344,7169995,1341.6906811377246,252,6,4.715568862275449,0.1122754491017964
14,4018,5220878,1299.372324539572,193,4,4.803384768541563,0.09955201592832255
15,4427,5751694,1299.2306302236277,210,7,4.743618703410888,0.1581206234470296
16,5029,6602027,1312.7912109763372,226,12,4.49393517597932,0.23861602704314974
17,6615,8791449,1329.0172335600907,345,17,5.215419501133787,0.25699168556311414
18,7148,9093954,1272.2375489647454,349,11,4.882484611080022,0.15388919977616117
19,7481,10055928,1344.1956957625987,398,15,5.320144365726507,0.2005079534821548
20,6629,8586657,1295.3170915673556,331,10,4.993211645798763,0.1508523155830442
21,5801,7470488,1287.793139113946,288,13,4.964661265299086,0.22409929322530597
22,3348,4242636,1267.215053763441,182,8,5.436081242532855,0.23894862604540024
23,2100,2755928,1312.3466666666666,92,5,4.380952380952381,0.2380952380952381
