merchant_category,transactions,transaction_value_inr,average_amount_inr,failed_transactions,fraud_flags,failure_rate_pct,fraud_flag_rate_pct
Education,2675,13479391,5039.024672897196,123,4,4.598130841121495,0.14953271028037382
Entertainment,7291,3005426,412.2103963790975,343,10,4.704430119325195,0.1371553970648745
Food,13367,7152649,535.0975536769656,693,25,5.184409366349967,0.18702775491882995
Fuel,9032,13976679,1547.462245349867,440,19,4.871567759078831,0.21036315323294952
Grocery,17675,20637981,1167.6368316831683,862,34,4.876944837340877,0.19236209335219237
Healthcare,4501,2467211,548.1473005998666,216,9,4.798933570317708,0.19995556542990447
Other,8839,7490341,847.4195044688313,430,20,4.864803710827017,0.2262699400384659
Shopping,10474,27449899,2620.765610082108,530,20,5.060148940232958,0.19094901661256444
Transport,7184,2225739,309.8189031180401,346,14,4.8162583518930955,0.19487750556792874
Utilities,7981,18610171,2331.809422378148,396,10,4.961784237564215,0.1252975817566721
