year_month,transactions,transaction_value_inr,average_amount_inr,failed_transactions,fraud_flags,failure_rate_pct,fraud_flag_rate_pct
2024-01,7674,9851233,1283.715532968465,366,17,4.769351055512119,0.2215272348188689
2024-02,6953,9112229,1310.546382856321,345,13,4.9618869552711065,0.1869696533870272
2024-03,7553,9925136,1314.0654044750431,384,13,5.084072553952073,0.17211703958691912
2024-04,7313,9562714,1307.6321619034595,356,5,4.868043210720634,0.06837139340899767
2024-05,7595,9951407,1310.2576695194207,382,11,5.029624753127057,0.1448321263989467
2024-06,7230,9314982,1288.3792531120332,342,14,4.730290456431535,0.19363762102351315
2024-07,7559,9899613,1309.6458526260087,370,21,4.894827358116153,0.2778145257309168
2024-08,7632,9963909,1305.5436320754718,363,11,4.756289308176101,0.1441299790356394
2024-09,7375,9702776,1315.6306440677965,372,10,5.04406779661017,0.13559322033898305
2024-10,7499,9943742,1326.0090678757167,352,21,4.693959194559275,0.2800373383117749
2024-11,7280,9566267,1314.0476648351648,376,15,5.164835164835164,0.20604395604395606
2024-12,7356,9701479,1318.8525013594344,371,14,5.0435019032082655,0.19032082653616098
