sender_state,transactions,transaction_value_inr,average_amount_inr,failed_transactions,fraud_flags,failure_rate_pct,fraud_flag_rate_pct
Andhra Pradesh,6999,9249959,1321.6115159308472,355,9,5.07215316473782,0.12858979854264896
Delhi,8827,11767227,1333.094709414297,451,20,5.109323666024697,0.22657754616517506
Gujarat,7051,9040220,1282.1188483902993,311,14,4.410721883420791,0.1985533966813218
Karnataka,10670,14027846,1314.6997188378632,526,29,4.92970946579194,0.2717900656044986
Maharashtra,13099,17019090,1299.2663562103978,629,15,4.801893274295748,0.11451255821055042
Rajasthan,7144,9603377,1344.257698768197,324,19,4.535274356103024,0.26595744680851063
Tamil Nadu,9171,11669807,1272.4683240649874,473,11,5.157561879838622,0.11994329953113074
Telangana,8018,10618623,1324.3480917934646,384,17,4.789224245447742,0.21202294836617613
Uttar Pradesh,10798,14257656,1320.3978514539729,564,15,5.2231894795332465,0.13891461381737358
West Bengal,7242,9241682,1276.1228942281139,362,16,4.998619165976249,0.22093344380005522
